partition,wpa8631pv3_au-up-ver3-0-0-P1-20210625-rel42417-APPLC.bin,wpa8631pv3_eu-up-ver3-0-0-P1-20200314-rel3608.bin,wpa8631pv3_eu-up-ver3-0-0-P1-20200508-rel41814-APPLC.bin,wpa8631pv3_eu-up-ver3-0-0-P1-20200927-rel61199-APPLC.bin,wpa8631pv3_eu-up-ver3-0-0-P1-20210514-rel45003-APPLC.bin,wpa8631pv3_us-up-ver3-0-0-P1-20200820-rel39000-APPLC.bin,wpa8631pv3_us-up-ver3-0-0-P1-20210625-rel35759-APPLC.bin,
default-config,853b24a30755f237b7bec75a435c7701,3d386a39ee2e6aa67638a4a14421356d,19a356bd96981f8f9b80f7082224faac,19a356bd96981f8f9b80f7082224faac,19a356bd96981f8f9b80f7082224faac,553e1bc9611c4ffeedc76addba26ccbb,553e1bc9611c4ffeedc76addba26ccbb,
default-pib,555087a7d336985520aedd5ffde32a86,555087a7d336985520aedd5ffde32a86,555087a7d336985520aedd5ffde32a86,555087a7d336985520aedd5ffde32a86,555087a7d336985520aedd5ffde32a86,a7706cf9e2b26e0804f472ee91e544f7,45545a0ae5ccab219724c09d2b390ec8,
file-system,d71d0c3ea5ad84a14455a5ff96f0e1f6,97d47b260062d2913321a24685f0a64d,34757369c9f3debcf757b6761c5ea166,b1507e8de7ed797e64f4538a6b96e8f9,43aa0827a43892c8ac0fb6f9cf55e8a1,ffbd61019b0ad9868b6f85b929f651c0,a71a735e8c36a8f77457f8c32fd86a45,
fs-uboot,e366a6d1e3326e114f8d9f2f1cf64717,8f59689b1e940ac43e524e6cd0bba2ab,17ccde27936d8e2629bc2e6b4d9a7449,1e38b1b9aba90cfb78bbbcb0ca398393,fc45f6c5f3cca4209085c4cd2e2f13ac,673be51ef7be3337e7788bbb31197ef4,27c8a67501123819826228b6eaf21d91,
os-image,6f312915a6983b859c64a183c6892563,b3a3943acd9a270994810340813dd398,3424186da8938056cad7f526446d1d55,bb4520a9c427776bcd760d998277d003,5ff5ffdf2ce3ccf342a7e9a8e243b527,529048b5260bb5c7912b62fcf5336923,bfc9c69711dbf7fe0c6f81a1bf38cf44,
partition-table,f2220fecb910d62717ddb8d175587489,2645b5976a20eeaabaab791132004cf3,d1f4ed749a96d6401ce83b54fb3b1c50,f2220fecb910d62717ddb8d175587489,f2220fecb910d62717ddb8d175587489,f2220fecb910d62717ddb8d175587489,f2220fecb910d62717ddb8d175587489,
plc-nvm,3cd8fcf543ea0d5c0581e87003f89c18,3cd8fcf543ea0d5c0581e87003f89c18,3cd8fcf543ea0d5c0581e87003f89c18,3cd8fcf543ea0d5c0581e87003f89c18,3cd8fcf543ea0d5c0581e87003f89c18,3cd8fcf543ea0d5c0581e87003f89c18,3cd8fcf543ea0d5c0581e87003f89c18,
product-info,cdcbf4449dd9e9a816a71c0f4decd4c0,d368b5f3985a0224827944360cb704bf,d368b5f3985a0224827944360cb704bf,d368b5f3985a0224827944360cb704bf,d368b5f3985a0224827944360cb704bf,f2c112e559b32f8c610767fd7275e0b5,f2c112e559b32f8c610767fd7275e0b5,
profile,38f18ef22b7fc5bc0b718eac59082b53,5cdf96132d0e01a2a1cda9d1d0ced265,5cdf96132d0e01a2a1cda9d1d0ced265,5cdf96132d0e01a2a1cda9d1d0ced265,5cdf96132d0e01a2a1cda9d1d0ced265,49d6ccd8fe976aa81e9b395221583282,49d6ccd8fe976aa81e9b395221583282,
soft-version,df442edbeef7436d0351353d67e5fcc0,cc692507d7c9cc483f1ed26f9593ed1d,4c72bfd91820be4c6eb25ef3987bc460,883d14f1c7d2143e864b9686972ada30,e64df7a225b105fa71f97f87ea1a2a2c,b7af115997e799c10246f89401004769,39a3d3c79b2ea7910e7e6927da9cabc4,
support-list,19dbe90baf2c391061521b5e10cba2d6,be46d474fc05b3c589bac790105a59ee,be46d474fc05b3c589bac790105a59ee,5a0b85c565100a588248e354c516b99a,5a0b85c565100a588248e354c516b99a,93e1313f53f3eda91c4accad38f82b4c,93e1313f53f3eda91c4accad38f82b4c,
